recipient_name,address1,address2,city,state,zip,tenant_id,interval_days,last_ship_date
Mohammad Weber,30389 Wilda Place,Suite 684,Zboncakport,MS,30240-3557,140057,45,
Adeline Connelly,318 Elmira Road,Apt. 754,North Carmelofort,PA,35125-9201,145556,90,
Shaunta Ratke,7610 Minh Gardens,Suite 848,North Katia,NJ,39782-9411,140058,45,
Isaiah Runolfsson,798 Vena Run,Suite 993,Solomonburgh,SD,07473,136030,45,
Andre Conroy,51394 Kohler Shoal,Suite 258,Wizashire,CA,02135,145536,90,
Kiara Wilderman,7210 Kutch Plaza,Suite 564,South Allenaport,CO,59910-2947,135445,90,2025-10-15
Albina Roberts,6850 Jason Loaf,Apt. 577,New Deweymouth,SD,34252-8734,145550,75,
Bee Stiedemann,2152 Geralyn Mountain,Suite 776,Wuckertview,NH,95809-5767,145566,90,
Arden Reichel,347 Keeling Fork,Suite 465,East Dave,RI,45807-7129,135441,90,2026-01-15
Xavier Schowalter,56890 Jewell Circle,Suite 686,West Chi,WA,17384,145547,75,
Newton Kunze,7798 Schoen Stream,Suite 633,Fisherside,AZ,83471-0613,135461,120,2025-11-20
Zane Crooks,22369 Perry Throughway,Suite 366,Schillertown,CO,89835,145545,75,
Hilda O'Connell,8790 Shelley Cape,Apt. 632,Port Major,CA,23384-1566,135479,90,
Kandy Hegmann,2787 Demetra Lane,Suite 686,East Omar,VA,33429,145555,75,
Maurice Balistreri,10412 Arthur Trafficway,Apt. 384,Krisview,VT,71000-4980,145537,90,
Marc Orn,529 Osinski Crossing,Suite 809,Schneiderberg,OH,45484,135474,90,
Cletus Nitzsche,644 Lavette Knoll,Apt. 933,New Douglasstown,FL,74623,136029,45,
Wonda Fahey,556 Beer Harbors,Apt. 776,North Quyen,MS,35732-9653,145540,90,
Lawanda Hayes,7017 Jacquelynn Junction,Apt. 442,Cheryllport,ND,01447-2802,135456,60,2025-12-01
Joe Frami,568 Harber Glen,Suite 549,Britneyhaven,PA,50648,145543,90,
Clarence Grady,2496 Rohan Way,Apt. 863,Towneville,IL,75200-8143,145560,90,
Gail Ferry,424 Sipes Islands,Apt. 684,Lueilwitzhaven,AR,28082-0385,135477,90,
Willis Schumm,84405 Herzog Hill,Suite 593,Croninmouth,TX,55960,135438,90,2026-01-10
Dylan Simonis,768 King Ridge,Apt. 298,West Percy,PA,63952,136023,45,
Robin Schmidt,769 Calvin Lock,Suite 615,Langworthburgh,FL,73952-8798,135453,60,2026-02-15
John Kris,248 Jerilyn Viaduct,Suite 979,Davischester,SD,21807,145553,75,
Elenore Hodkiewicz,92459 Hilll Motorway,Suite 547,West Tennilleburgh,GA,10057,136028,45,
Byron Farrell,97960 Heidenreich Rapids,Apt. 220,Hirtheborough,NY,24217,145565,90,
Danae Schimmel,3907 Lashaunda Ford,Apt. 551,New Leisa,VT,88908,135450,60,2026-01-05
Milissa Little,94181 Maria Pine,Suite 797,Port Benjaminfurt,OR,35010-9619,145549,75,
Patrice Reilly,7424 Vito Stravenue,Apt. 687,South Gailshire,ME,51002,135472,90,
Joel Halvorson,5715 Milo Shoal,Apt. 455,Doyletown,OK,16212,145546,75,
Young Pagac,814 Satterfield Drive,Suite 189,South Gwynethburgh,NC,84107-0994,145541,90,
Harris Satterfield,175 Medhurst Springs,Suite 341,North Vashti,IN,23835-1339,135469,120,
Consuelo Gerlach,92346 Melida Centers,Apt. 865,Pfannerstillbury,NC,94383-1180,145562,90,
Andrea Carter,29083 Hills Inlet,Apt. 769,Pricechester,VT,06161-1664,145564,90,
Rosie Christiansen,691 Markus River,Suite 183,New Danika,IL,12920-2500,135476,90,
Aileen Welch,75587 Murazik Divide,Apt. 656,Rosenbaumburgh,WY,92328-6076,135475,90,
Julio Wintheiser,186 Erdman Crossroad,Apt. 380,Framiburgh,OH,24100,145538,90,
Shawanda Kutch,25087 Spencer Isle,Suite 330,Port Tonettetown,WA,89589-5804,145535,90,
Brigitte Ankunding,82940 Milda Station,Apt. 508,New Reyna,ID,10367,145539,90,
Adria Breitenberg,665 Roob Lakes,Apt. 136,Cummingsshire,KS,86132,135478,90,
Denver Wilkinson,4457 Rupert Corner,Suite 725,Towneberg,AR,97910-7583,136025,45,
Ed Kerluke,445 Sawayn Spurs,Suite 904,Port Nettie,NC,07161-1491,145563,90,
Brain Waters,28908 Anton Street,Suite 681,East Mirnaton,NY,56637,145554,75,
Cheryll Quigley,4491 Kertzmann Way,Suite 587,Jonathanmouth,AZ,49958-2672,136031,45,
Hwa Botsford,2596 Miesha Village,Suite 530,Lavernland,MD,60235,136024,45,
Brock Erdman,57478 Runte Walks,Apt. 178,New Felipa,MO,18343-4608,145557,90,
Damian Torp,594 Konopelski Throughway,Apt. 675,Breitenbergfurt,TN,77498,136027,45,
Asa Walsh,7222 Doyle Crossing,Suite 516,Port Sabrina,MN,76488-7433,135448,60,
Seymour Gerlach,644 Abbey Field,Suite 518,Willview,OR,31781-5707,135437,90,2025-12-15
Bertram Goodwin,20761 Florencio Square,Suite 653,South Margarito,MD,81858-9742,135471,90,
Gwyneth Schuppe,554 Gwyneth Gateway,Suite 652,North Wm,NJ,98923,145548,75,
Chase Rippin,9348 Lebsack Crest,Suite 348,East Alvera,NC,68637-6727,135470,90,
Mendy Flatley,456 Mayer Square,Apt. 645,Gigimouth,OR,68031,145542,90,
Ned Borer,368 Laurel Corner,Apt. 534,North Hiltonview,MT,48357,145544,90,
Casey Morgan,1188 Maple Loop,Apt. 4B,Springfield,IL,62704,900002,90,
